<?xml version="1.0" encoding="UTF-8"?>

<templates xml:space="preserve">
    <t t-name="custom_barcode_app.MainScreen" owl="1">
        <div style="height:100%;">
            <div style="display: flex; justify-content: center; align-items: center;height:100%; background-color:#06516E; font-family:Argentum Sans;">

                <div class="main-screen-container">

                    <h1 style="margin-bottom:20px;font-weight: 600;font-size: 2.5rem;font-family:'Montserrat';">Barcode Scanning</h1>
                    <div>
                        <i class="fa fa-barcode" style="text-align:center; font-size:120px;"/>
                    </div>
                    <ul class="text-left mb-sm-5 pl-4" style="display: inline-block;font-size:1.2rem;">
                        <li>Scan an <b>operation type</b> to create a new transfer.</li>
                        <li>Scan a <b>location</b> to create a new transfer from this location.</li>
                        <li>Scan a <b>document</b> to open it.</li>
                        <li>Scan a <b>product</b> to show its location and quantity.</li>
                    </ul>
                    <div style="display: flex; flex-wrap: wrap;justify-content: center;gap: 10px 10px; margin-top:20px;margin-bottom:20px;">
                        <button t-on-click="startCreateTransfer" class="button-1" style="display: flex; flex-wrap: wrap;justify-content: center;align-items:center;">
                            <div>
                                <div>
                                   <svg xmlns="http://www.w3.org/2000/svg" viewBox="0 0 404.56 449.42" class="icon-svg">
                                        <defs>
                                            <style>.cls-1{fill:#1d1d1b;}</style>
                                        </defs>
                                        <g id="Layer_2" data-name="Layer 2">
                                            <g id="Layer_5" data-name="Layer 5">
                                                <path class="cls-1"
                                                      d="M367.19,369.39a44.57,44.57,0,0,0-6.62-4V0H156.39V369.39H143.06L119.44,300.1H90.78V221.45L142,162.12l.79-1,.18-.24c7.08-10,8.52-20.84,3.95-29.65-4.27-8.24-12.82-13-23.45-13H26.08c-10.64,0-19.19,4.72-23.46,13-4.56,8.81-3.12,19.61,4,29.65l.17.24,52,60.31v122.2a54.11,54.11,0,1,0,67.67,67.76h172a43.68,43.68,0,0,0,86.35,0h19.72v-42Zm25.37,30H385a43.28,43.28,0,0,0-6.48-18h14.05Zm-19.92,12a31.67,31.67,0,0,1-61.95,0,32.05,32.05,0,0,1-.68-6c0-.2,0-.39,0-.59a31.19,31.19,0,0,1,.47-5.41,31.62,31.62,0,0,1,9.89-18l.62-.54a31.62,31.62,0,0,1,8.95-5.46c.48-.19,1-.37,1.46-.54a31.55,31.55,0,0,1,20.55,0c.5.17,1,.35,1.47.54a31.79,31.79,0,0,1,7.16,4c.84.63,1.64,1.29,2.41,2a31.67,31.67,0,0,1,9.89,18,32.2,32.2,0,0,1,.47,5.41c0,.2,0,.39,0,.59A30.47,30.47,0,0,1,372.64,411.39Zm-243.93-12c.11-1.35.17-2.7.17-4.07a54.19,54.19,0,0,0-38.1-51.69V312.1h20.07l23.62,69.29H304.83a43.44,43.44,0,0,0-6.49,18Zm-15,12a42.08,42.08,0,1,1-48.91-57c1.42-.34,2.86-.62,4.33-.82.55-.07,1.11-.14,1.67-.19,1.32-.13,2.65-.2,4-.2h.33c1.24,0,2.46.07,3.67.19.78.07,1.56.16,2.33.28,1.24.19,2.47.44,3.67.73a42.15,42.15,0,0,1,32.1,40.9c0,1.37-.07,2.73-.2,4.07a40.85,40.85,0,0,1-1,6A41.71,41.71,0,0,1,113.69,411.39ZM13.28,136.75c2.17-4.18,6.71-6.48,12.8-6.48h97.41c6.08,0,10.63,2.3,12.8,6.49,2.41,4.66,1.31,10.88-3,17.09L78.78,217v124.4c-1.21-.09-2.43-.15-3.67-.16h-.33c-1.35,0-2.68.07-4,.17V217L16.22,153.73C12,147.56,10.88,141.39,13.28,136.75ZM168.39,245V135.86h65.08v42h40v-42h75.07v111H168.39Zm0-122V12h65.08V54.92h40V12h75.07V123.86H168.39ZM261.5,12V42.92h-16V12Zm-16,123.86h16v30h-16Zm0,123h16v29h-16Zm-77.08,0h65.08v41h40v-41h75.07V361.68a43.56,43.56,0,0,0-31.66,7.17H168.39Z"/>
                                                <path class="cls-1"
                                                      d="M267.22,339.63a8.85,8.85,0,0,0-.05-.89V328.1a1,1,0,0,0-1-1H256.9a1,1,0,0,0-.89.55l-2,4,.73-3.33a1,1,0,0,0-.2-.84,1,1,0,0,0-.78-.38H250.8a1,1,0,0,0-1,1v10.64a8.67,8.67,0,0,0,6.48,9.33v5.33h-5.44a1,1,0,0,0-1,1v2.38a1,1,0,0,0,1,1H266.1a1,1,0,0,0,1-1V354.4a1,1,0,0,0-1-1h-5.44v-5.32A8.68,8.68,0,0,0,267.22,339.63Z"/>
                                                <path class="cls-1"
                                                      d="M317,341.43a20.46,20.46,0,0,0-17.46-12.64,3.25,3.25,0,0,0-.61-1.62,1.26,1.26,0,0,0-1.8,0,3.27,3.27,0,0,0-.65,1.64A20.52,20.52,0,0,0,279.23,341a1,1,0,0,0,.16,1.07,1,1,0,0,0,1,.29,7,7,0,0,1,6.44,1.22,1,1,0,0,0,1.35,0,6.45,6.45,0,0,1,4.34-1.52,6.73,6.73,0,0,1,3.88,1.18v9.62a.45.45,0,0,0,0,.11,2,2,0,0,1-.26,1.14.5.5,0,0,1-.36.09c-.46,0-.59-.14-.65-.2a1.82,1.82,0,0,1-.33-1.17,1,1,0,0,0-.94-1.06l-1.56-.1a1,1,0,0,0-.73.24,1,1,0,0,0-.33.69,5.31,5.31,0,0,0,1.29,3.84,4.33,4.33,0,0,0,3.25,1.33,3.91,3.91,0,0,0,3-1.25,5.24,5.24,0,0,0,1.19-3.72V342.54a7.24,7.24,0,0,1,2.57-.47,6.45,6.45,0,0,1,4.34,1.52,1,1,0,0,0,1.35,0,6.45,6.45,0,0,1,4.34-1.52,7.08,7.08,0,0,1,3,.65,1,1,0,0,0,1.35-1.29Z"/>
                                                <path class="cls-1"
                                                      d="M231,353.93h-4.61a1,1,0,0,0,.36-.75V337h3.77a1,1,0,0,0,.91-.57,1,1,0,0,0-.13-1.06l-6.92-8.56a1,1,0,0,0-1.55,0L216,335.34l-6.87-8.49a1,1,0,0,0-1.55,0l-6.93,8.56a1,1,0,0,0,.78,1.63h3.78v16.14a1,1,0,0,0,.36.75h-4.61a1,1,0,0,0-1,1v1.85a1,1,0,0,0,1,1H231a1,1,0,0,0,1-1v-1.85A1,1,0,0,0,231,353.93Zm-19.54-.75V337h3.78a1,1,0,0,1,1.44,0h3.78v16.14a1,1,0,0,0,.36.75H211.1A1,1,0,0,0,211.46,353.18Z"/>
                                                <path class="cls-1"
                                                      d="M256.28,226.08v5.33h-5.44a1,1,0,0,0-1,1v2.38a1,1,0,0,0,1,1H266.1a1,1,0,0,0,1-1v-2.38a1,1,0,0,0-1-1h-5.44v-5.33a8.66,8.66,0,0,0,6.56-8.45,8.49,8.49,0,0,0-.05-.88V206.11a1,1,0,0,0-1-1H256.9a1,1,0,0,0-.89.55l-2,4,.73-3.32a1,1,0,0,0-.2-.84,1,1,0,0,0-.78-.38H250.8a1,1,0,0,0-1,1v10.64a8.49,8.49,0,0,0-.05.88A8.68,8.68,0,0,0,256.28,226.08Z"/>
                                                <path class="cls-1"
                                                      d="M280.43,220.38a7,7,0,0,1,6.44,1.21,1,1,0,0,0,1.35,0,6.5,6.5,0,0,1,4.34-1.52,6.66,6.66,0,0,1,3.88,1.19v9.61a.49.49,0,0,0,0,.12,2,2,0,0,1-.26,1.14.5.5,0,0,1-.36.09c-.46,0-.59-.15-.65-.21a1.81,1.81,0,0,1-.33-1.17,1,1,0,0,0-.94-1.06l-1.56-.1a1,1,0,0,0-.73.25,1,1,0,0,0-.33.69,5.31,5.31,0,0,0,1.29,3.84,4.33,4.33,0,0,0,3.25,1.33,3.91,3.91,0,0,0,3-1.25,5.27,5.27,0,0,0,1.19-3.73V220.55a7.25,7.25,0,0,1,2.57-.48,6.5,6.5,0,0,1,4.34,1.52,1,1,0,0,0,1.35,0,6.5,6.5,0,0,1,4.34-1.52,7.08,7.08,0,0,1,3,.66,1,1,0,0,0,1.11-.18,1,1,0,0,0,.24-1.11,20.44,20.44,0,0,0-17.46-12.64,3.17,3.17,0,0,0-.61-1.62,1.25,1.25,0,0,0-1.8,0,3.23,3.23,0,0,0-.65,1.63A20.53,20.53,0,0,0,279.23,219a1,1,0,0,0,.16,1.06A1,1,0,0,0,280.43,220.38Z"/>
                                                <path class="cls-1"
                                                      d="M231,231.94h-4.61a1,1,0,0,0,.36-.75V215.05h3.77a1,1,0,0,0,.91-.57,1,1,0,0,0-.13-1.06l-6.92-8.57a1,1,0,0,0-1.55,0l-6.87,8.5-6.87-8.5a1,1,0,0,0-1.55,0l-6.93,8.57a1,1,0,0,0,.78,1.63h3.78v16.14a1,1,0,0,0,.36.75h-4.61a1,1,0,0,0-1,1v1.85a1,1,0,0,0,1,1H231a1,1,0,0,0,1-1v-1.85A1,1,0,0,0,231,231.94Zm-19.54-.75V215.05h3.78a1,1,0,0,1,1.44,0h3.78v16.14a1,1,0,0,0,.36.75H211.1A1,1,0,0,0,211.46,231.19Z"/>
                                                <path class="cls-1"
                                                      d="M256.28,103.08v5.33h-5.44a1,1,0,0,0-1,1v2.38a1,1,0,0,0,1,1H266.1a1,1,0,0,0,1-1v-2.38a1,1,0,0,0-1-1h-5.44v-5.32a8.67,8.67,0,0,0,6.56-8.45,8.49,8.49,0,0,0-.05-.88V83.12a1,1,0,0,0-1-1H256.9a1,1,0,0,0-.89.55l-2,4,.73-3.33a1,1,0,0,0-.2-.84,1,1,0,0,0-.78-.37H250.8a1,1,0,0,0-1,1V93.76a8.49,8.49,0,0,0-.05.88A8.67,8.67,0,0,0,256.28,103.08Z"/>
                                                <path class="cls-1"
                                                      d="M280.43,97.39a7,7,0,0,1,6.44,1.21,1,1,0,0,0,1.35,0,6.45,6.45,0,0,1,4.34-1.52,6.66,6.66,0,0,1,3.88,1.19v9.61a.37.37,0,0,0,0,.11,2.06,2.06,0,0,1-.26,1.15.57.57,0,0,1-.36.08c-.46,0-.59-.14-.65-.2a1.82,1.82,0,0,1-.33-1.17,1,1,0,0,0-.94-1.06l-1.56-.1a1,1,0,0,0-.73.25,1,1,0,0,0-.33.68,5.3,5.3,0,0,0,1.29,3.84,4.33,4.33,0,0,0,3.25,1.33,3.93,3.93,0,0,0,3-1.24,5.27,5.27,0,0,0,1.19-3.73V97.55a7.24,7.24,0,0,1,2.57-.47,6.45,6.45,0,0,1,4.34,1.52,1,1,0,0,0,1.35,0,6.45,6.45,0,0,1,4.34-1.52,7.23,7.23,0,0,1,3,.65,1,1,0,0,0,1.11-.18,1,1,0,0,0,.24-1.1,20.44,20.44,0,0,0-17.46-12.64,3.25,3.25,0,0,0-.61-1.63,1.27,1.27,0,0,0-1.8,0,3.27,3.27,0,0,0-.65,1.64A20.51,20.51,0,0,0,279.23,96a1,1,0,0,0,.16,1.06A1,1,0,0,0,280.43,97.39Z"/>
                                                <path class="cls-1"
                                                      d="M231,109h-4.61a1,1,0,0,0,.36-.76V92.06h3.77a1,1,0,0,0,.78-1.63l-6.92-8.57a1,1,0,0,0-1.55,0L216,90.36l-6.87-8.5a1,1,0,0,0-1.55,0l-6.93,8.57a1,1,0,0,0-.12,1.06,1,1,0,0,0,.9.57h3.78v16.13a1,1,0,0,0,.36.76h-4.61a1,1,0,0,0-1,1v1.84a1,1,0,0,0,1,1H231a1,1,0,0,0,1-1V110A1,1,0,0,0,231,109Zm-19.54-.76V92.06h3.78a1,1,0,0,1,1.44,0h3.78v16.13a1,1,0,0,0,.36.76H211.1A1,1,0,0,0,211.46,108.19Z"/>
                                                <path class="cls-1"
                                                      d="M127,148.88a19.85,19.85,0,0,0,1.07-1.77l4.76-8.84h-54v66.47l47.75-55.28ZM90.78,172.49V150.27H110Z"/>
                                                <path class="cls-1"
                                                      d="M22.59,148.88l48.19,55.86V138.27h-54l4.76,8.84C21.84,147.69,22.2,148.29,22.59,148.88Zm36.19,23.61L39.59,150.27H58.78Z"/>
                                                <path class="cls-1"
                                                      d="M90.78,375.81a25.07,25.07,0,0,0-9.67-4.93c-.76-.2-1.54-.36-2.33-.49a26.08,26.08,0,0,0-3.67-.31h-.33a26.33,26.33,0,0,0-4,.32c-.56.09-1.12.21-1.67.33a25.23,25.23,0,0,0-4.33,1.42,25.55,25.55,0,0,0-6,3.67,25.23,25.23,0,1,0,40.91,23.58,26.12,26.12,0,0,0,.33-4.08A25.18,25.18,0,0,0,90.78,375.81ZM75.43,408.52c-.21,0-.43,0-.65,0a13.26,13.26,0,0,1-13.19-12.17c0-.35-.05-.71-.05-1.08a13.25,13.25,0,0,1,7.57-11.94,13.58,13.58,0,0,1,1.67-.68,13.23,13.23,0,0,1,4-.62l.33,0a13.42,13.42,0,0,1,3.67.6,13.74,13.74,0,0,1,2.33,1,13.21,13.21,0,0,1,3.67,3q.3.34.57.72a13,13,0,0,1,2.08,4,13.25,13.25,0,0,1,.59,3.9c0,.37,0,.73,0,1.08a13.12,13.12,0,0,1-.54,2.83,13.26,13.26,0,0,1-4.08,6.17A13.12,13.12,0,0,1,75.43,408.52Z"/>
                                                <path class="cls-1"
                                                      d="M341.67,383.73A21.17,21.17,0,0,0,320.6,404.8c0,.2,0,.39,0,.59a20.86,20.86,0,0,0,1,6,21,21,0,0,0,40,0,20.86,20.86,0,0,0,1-6c0-.2,0-.39,0-.59a21.17,21.17,0,0,0-21.07-21.07Zm6.2,27.66a9.05,9.05,0,0,1-15.24-6c0-.2,0-.39,0-.59a9.07,9.07,0,0,1,18.14,0c0,.2,0,.39,0,.59A9,9,0,0,1,347.87,411.39Z"/>
                                            </g>
                                        </g>
                                    </svg>
                                </div>
                                <div class="main-screen-title">Inventory<br></br> Transfer</div>
                            </div>
                        </button>

                        <button t-on-click="startWarehouseOperation" class="button-1" style="display: flex; flex-wrap: wrap;justify-content: center;align-items:center;">
                            <div  style="">
                                <div>
                                    <svg xmlns="http://www.w3.org/2000/svg" viewBox="0 0 604.82 428.39" class="icon-svg">
                                        <defs>
                                            <style>.cls-1{fill:currentColor;}</style>
                                        </defs>
                                        <g id="Layer_2" data-name="Layer 2">
                                            <g id="Layer_5" data-name="Layer 5">
                                                <path class="cls-1"
                                                      d="M157.72,168.8H479.85V104.24H92.69V168.8h65Zm-53-52.56h41V156.8h-41Zm53.69,0h41V156.8h-41Zm53.68,0h41V156.8h-41Zm53.69,0h41V156.8h-41Zm53.69,0h41V156.8h-41Zm53.69,0h41V156.8h-41Zm53.68,0h41V156.8h-41Z"/>
                                                <path class="cls-1"
                                                      d="M596.65,362.86l.24-31.72v-.59l-.25-1.49-14-46.3c-3-17.41-19.69-31.51-37.38-31.51h-13V97h40.23V0H0V97H40.23V380.36H259.82v18.09h52a43.19,43.19,0,0,0,82.22,0H474v0l6,0h6v0l5.48,0a43.2,43.2,0,0,0,82.25.06h31.12V362.86Zm-35.83,35.59a31.19,31.19,0,0,1-56.47,0l-.06-.13a31.27,31.27,0,0,1-2.88-12c0-.38,0-.77,0-1.15a30.86,30.86,0,0,1,.38-4.83,32,32,0,0,1,.88-3.93c.21-.7.43-1.39.68-2.07a31.14,31.14,0,0,1,2.69-5.5l.32-.5a31.07,31.07,0,0,1,26-14.37h.29a31,31,0,0,1,21.75,8.87,31.41,31.41,0,0,1,4.82,6,31.24,31.24,0,0,1,4.63,16.33c0,.28,0,.55,0,.83s0,.29,0,.43A30.11,30.11,0,0,1,563,392l-.09.43A31.14,31.14,0,0,1,561,398C561,398.17,560.89,398.31,560.82,398.45Zm-74.86-12V284.47a21.24,21.24,0,0,1,21.22-21.22h38.11c12,0,23.71,10,25.6,21.83l.07.4,13.92,46.16-.24,31.22H569.55a43.21,43.21,0,0,0-37-20.87h-.29a44,44,0,0,0-6,.46,42.73,42.73,0,0,0-6,1.33,43.41,43.41,0,0,0-27.51,24.58,43.81,43.81,0,0,0-3.41,16.83c0,.4,0,.81,0,1.21Zm-12,0H396.1c0-.42,0-.84,0-1.26a42.9,42.9,0,0,0-.28-4.83,42,42,0,0,0-3.13-12c-.45-1.06-1-2.1-1.49-3.12-.13-.25-.26-.51-.4-.76a43.41,43.41,0,0,0-9.92-12.17,43.9,43.9,0,0,0-6-4.29,43,43,0,0,0-9-4c-.33-.11-.67-.2-1-.3a42.65,42.65,0,0,0-6-1.29,43.91,43.91,0,0,0-6-.42h0a43.14,43.14,0,0,0-9.91,1.16A43.15,43.15,0,0,0,331,348a43.44,43.44,0,0,0-17.88,20.38,42.8,42.8,0,0,0-2,6,44.07,44.07,0,0,0-1.1,6,45.39,45.39,0,0,0-.27,4.83c0,.42,0,.84,0,1.26H271.82v-51.9h202l.07,33.81v12Zm-92.79,12a31.19,31.19,0,0,1-56.47,0,30.9,30.9,0,0,1-2.1-6,30.54,30.54,0,0,1-.83-6q0-.63,0-1.26a32.12,32.12,0,0,1,.37-4.83,30.93,30.93,0,0,1,1.56-6,32.07,32.07,0,0,1,3-6A31.58,31.58,0,0,1,331,363a31.16,31.16,0,0,1,21.91-9h0a30.85,30.85,0,0,1,11,2,31.42,31.42,0,0,1,18.26,18.36,31.44,31.44,0,0,1,1.94,10.83c0,.42,0,.84,0,1.26a31.31,31.31,0,0,1-.83,6A30.93,30.93,0,0,1,381.16,398.45ZM143.05,278h2.55v5.36h-2.55Zm14.55,17.36V276h7v49.69h-42.5V276h9v19.39Zm39.29,2.74h2.55v5.36h-2.55Zm14.55,17.36V297.21h8v28.48H176.92V297.21h8v18.28ZM172,340.8v5.36h-2.55V340.8Zm-49.95-.92h35.4v18.28H184V339.88h35.4v28.48H122.06Zm109.35-2.19V285.21H176.56V264h-66.5V368.36H104V216.86H267.24a33.07,33.07,0,0,0-7.42,20.89V368.36H231.41ZM12,12H27.67V85H12Zm27.67,0H58.09V85H39.67ZM560.53,85H544.87V12h15.66ZM532.87,12V85H514.44V12ZM502.44,63.07V85H477V12h25.4ZM465,12V85H446.61V12ZM434.61,63.07V85H409.22V12h25.39ZM397.22,12V85H378.79V12ZM366.79,63.07V85h-25.4V12h25.4ZM329.39,12V85H311V12ZM299,63.07V85H273.57V12H299ZM261.57,12V85H243.14V12ZM231.14,63.07V85h-25.4V12h25.4ZM193.74,12V85H175.32V12ZM163.32,63.07V85h-25.4V12h25.4ZM125.92,12V85H107.49V12ZM95.49,63.07V85H70.09V12h25.4ZM52.23,97H520.3V251.25H507.18a33,33,0,0,0-21.5,7.93l-.09-42.32h13.9V177H73v39.88H92v151.5H52.23ZM457.05,322.55H271.82v-84.8A21.38,21.38,0,0,1,293,216.53H473.59v.33l.22,105.69H457.05ZM480.53,189h7v15.88h-1.92v-.33H293a33.72,33.72,0,0,0-4.62.33H85V189H480.53ZM592.82,386.45H575.75c0-.17,0-.33,0-.49s0-.51,0-.77a42.91,42.91,0,0,0-1.26-10.33h18.29Z"/>
                                                <path class="cls-1"
                                                      d="M549.1,368.86A23.25,23.25,0,0,0,532.59,362h-.29a23,23,0,0,0-6,.86l-.13,0a23.11,23.11,0,0,0-5.87,2.61,23.75,23.75,0,0,0-3.72,2.89l-.51.5a23.3,23.3,0,0,0-4,5.5l-.25.5a23,23,0,0,0-1.93,5.5,23.28,23.28,0,0,0-.5,4.83c0,.37,0,.74,0,1.11a.76.76,0,0,1,0,.15,23,23,0,0,0,1.08,5.84.75.75,0,0,1,.05.16,23.47,23.47,0,0,0,2.88,5.83l.13.17a23.2,23.2,0,0,0,38.13,0l.26-.37a23.34,23.34,0,0,0,2.75-5.63c0-.13.09-.26.13-.38a23.32,23.32,0,0,0,1-5.62c0-.13,0-.26,0-.39,0-.29,0-.58,0-.87a23,23,0,0,0-2.43-10.33A23.29,23.29,0,0,0,549.1,368.86Zm-5.35,17.59a11.13,11.13,0,0,1-2.35,5.68l-.25.32a11.21,11.21,0,0,1-17.13,0l-.19-.23a11.17,11.17,0,0,1-2.41-5.77,1.49,1.49,0,0,1,0-.21c0-.35,0-.7,0-1.05A11.23,11.23,0,0,1,532.3,374h.29a11,11,0,0,1,4.41.91,11.24,11.24,0,0,1,6.82,10.33c0,.31,0,.62,0,.93Z"/>
                                                <path class="cls-1"
                                                      d="M373.48,374.36A23.19,23.19,0,0,0,337,368.27l-.1.09a23.44,23.44,0,0,0-6.73,12,23.28,23.28,0,0,0-.5,4.83q0,.63,0,1.26a23.29,23.29,0,0,0,23.21,22,23.28,23.28,0,0,0,22.07-16,23,23,0,0,0,1.13-6c0-.42,0-.84,0-1.26a23.28,23.28,0,0,0-.51-4.83A23,23,0,0,0,373.48,374.36Zm-12,18.09a11.24,11.24,0,0,1-19.73-6c0-.42-.07-.84-.07-1.26a11.27,11.27,0,0,1,8.25-10.83,11.27,11.27,0,0,1,14.23,10.83,10.66,10.66,0,0,1-.08,1.26A11.15,11.15,0,0,1,361.49,392.45Z"/>
                                                <path class="cls-1"
                                                      d="M526.3,334.55h42.28l-18.32-57.82H498.58v57.82H526.3Zm-15.72-45.82h30.89l10.72,33.82H510.58Z"/>
                                            </g>
                                        </g>
                                    </svg>
                                </div>
                                <div class="main-screen-title">Warehouse Operations</div>
                            </div>
                        </button>

                        <button t-on-click="startProductDetails" class="button-1" style="display: flex; flex-wrap: wrap;justify-content: center;align-items:center;">
                            <div>
                                <div>
                                    <svg xmlns="http://www.w3.org/2000/svg" viewBox="0 0 461.97 445.76" class="icon-svg">
                                        <defs>
                                            <style>.cls-1{fill:currentColor;}</style>
                                        </defs>
                                        <g id="Layer_2" data-name="Layer 2">
                                            <g id="_Layer_" data-name="&lt;Layer&gt;">
                                                <path class="cls-1" d="M181.46,445.76a6.9,6.9,0,0,1-3.69-1.06L3.3,336.45A7,7,0,0,1,0,330.52V131.88a7,7,0,0,1,10.23-6.18l65.33,34.24a7,7,0,1,1-6.48,12.37L14,143.43v183.2l160.5,99.59V227.65l-57.06-28.18A7,7,0,0,1,123.58,187l61,30.11a7,7,0,0,1,3.9,6.26V438.77a7,7,0,0,1-3.59,6.11A7.08,7.08,0,0,1,181.46,445.76Z"/>
                                                <path class="cls-1" d="M7,138.86A7,7,0,0,1,4,125.55L198,35.24a6.94,6.94,0,0,1,6.08.08l38.29,19.26a7,7,0,1,1-6.27,12.48L200.85,49.33,9.93,138.21A7,7,0,0,1,7,138.86Z"/>
                                                <path class="cls-1" d="M338.3,166.24a7,7,0,0,1-4.93-2.05L276,106.84A7,7,0,0,1,285.89,97l52.22,52.22L449.86,28.6a7,7,0,0,1,10.25,9.49L343.42,164a7,7,0,0,1-5,2.24Z"/>
                                                <path class="cls-1" d="M335,238.09A119,119,0,1,1,454.06,119,119.18,119.18,0,0,1,335,238.09ZM335,14A105.08,105.08,0,1,0,440.09,119,105.19,105.19,0,0,0,335,14Z"/>
                                                <path class="cls-1" d="M181.46,445.76a7,7,0,0,1-7-7V223.32a7,7,0,0,1,3.82-6.23l66.47-33.8a7,7,0,0,1,8.59,1.82,104.7,104.7,0,0,0,115.28,33.42,7,7,0,0,1,9.22,6.61V328.93a7,7,0,0,1-3.48,6L185,444.81A7,7,0,0,1,181.46,445.76Zm7-218.16v199L363.88,324.91V234.47a118.49,118.49,0,0,1-117.7-36.23Z"/>
                                                <path class="cls-1" d="M120.5,407.93a6.89,6.89,0,0,1-3.69-1.05L68.69,377a7,7,0,0,1-3.3-5.93V166.15a7,7,0,0,1,3.78-6.21L224.75,79.6a7,7,0,0,1,9.88,8.28,104,104,0,0,0-2.87,50.34,7,7,0,0,1-3.67,7.48L127.48,197.47V401a7,7,0,0,1-7,7ZM79.35,367.2l34.16,21.2V193.21A7,7,0,0,1,117.3,187l99.88-51.39A114.71,114.71,0,0,1,216,119,119.87,119.87,0,0,1,217.65,99L79.35,170.4Z"/>
                                                <path class="cls-1" d="M181.46,382.93a7,7,0,0,1-3.33-13.12L310,298.61a7,7,0,0,1,6.64,12.29L184.78,382.1A7,7,0,0,1,181.46,382.93Z"/>
                                                <path class="cls-1" d="M447.07,445.76H43a7,7,0,1,1,0-14H447.07a7,7,0,1,1,0,14Z"/>
                                            </g>
                                        </g>
                                    </svg>
                                </div>
                                <div class="main-screen-title">Product Information</div>
                            </div>
                        </button>


                        <button t-on-click="inventoryAdjustment" class="button-1" style="display: flex; flex-wrap: wrap;justify-content: center;align-items:center;">
                            <div>
                                <div>
                                    <svg xmlns="http://www.w3.org/2000/svg" viewBox="0 0 673 404" class="icon-svg">
                                        <defs>
                                            <style>.cls-1{fill:#231f20;}</style>
                                        </defs>
                                        <g id="Layer_2" data-name="Layer 2">
                                            <g id="Layer_5" data-name="Layer 5">
                                                <path class="cls-1"
                                                      d="M628,0V20H359V0H314V20H45V0H0V404H45V370H314v34h45V370H628v34h45V0ZM347,370v22H326V12h21V370ZM33,370v22H12V12H33V370ZM314,174H277.45V68.73H83.27V174H45V62H314Zm0,30H45V186H314Zm0,124H277.45V222.73H83.27V328H45V216H314Zm-48.55-.41H95.27V234.73h65.08v33.91h40V234.73h65.07Zm-77.07-70.95h-16V234.73h16Zm0-154h-16V80.73h16Zm12,12V80.73h65.07v92.86H95.27V80.73h65.08v33.91ZM314,50H45V32H314ZM45,340H314v18H45ZM628,174H594.45V68.73H400.27V174H359V62H628Zm0,30H359V186H628Zm0,124H594.45V222.73H400.27V328H359V216H628Zm-45.55-.41H412.27V234.73h65.08v33.91h40V234.73h65.07Zm-77.07-70.95h-16V234.73h16Zm0-154h-16V80.73h16Zm12,12V80.73h65.07v92.86H412.27V80.73h65.08v33.91ZM628,50H359V32H628ZM359,340H628v18H359Zm281,30V12h21V392H640Z"/>
                                                <path class="cls-1"
                                                      d="M178.16,152.81v5.33h-5.44a1,1,0,0,0-1,1v2.38a1,1,0,0,0,1,1H188a1,1,0,0,0,1-1v-2.38a1,1,0,0,0-1-1h-5.44v-5.32a8.67,8.67,0,0,0,6.51-9.34V132.84a1,1,0,0,0-1-1h-9.27a1,1,0,0,0-.89.55l-2,4,.73-3.32a1,1,0,0,0-1-1.22h-2.94a1,1,0,0,0-1,1v10.64a8.67,8.67,0,0,0,6.48,9.33Z"/>
                                                <path class="cls-1"
                                                      d="M202.31,147.11a7,7,0,0,1,6.45,1.22,1,1,0,0,0,1.34,0,6.49,6.49,0,0,1,4.34-1.52,6.73,6.73,0,0,1,3.88,1.18v9.61s0,.1,0,.12a2,2,0,0,1-.26,1.14q-.07.09-.36.09c-.46,0-.59-.14-.64-.2a1.79,1.79,0,0,1-.34-1.17,1,1,0,0,0-.93-1.06l-1.57-.1a1,1,0,0,0-1.06.93,5.31,5.31,0,0,0,1.29,3.84,4.33,4.33,0,0,0,3.25,1.33,3.94,3.94,0,0,0,3-1.25,5.21,5.21,0,0,0,1.18-3.72V147.28a7.24,7.24,0,0,1,2.57-.47,6.45,6.45,0,0,1,4.34,1.52,1,1,0,0,0,1.35,0,6.45,6.45,0,0,1,4.34-1.52,7.08,7.08,0,0,1,3,.65,1,1,0,0,0,1.35-1.29,20.46,20.46,0,0,0-17.46-12.64,3.15,3.15,0,0,0-.61-1.62,1.25,1.25,0,0,0-1.8,0,3.36,3.36,0,0,0-.65,1.64,20.5,20.5,0,0,0-17.22,12.21,1,1,0,0,0,1.2,1.36Z"/>
                                                <path class="cls-1"
                                                      d="M152.88,158.67h-4.61a1,1,0,0,0,.36-.75V141.78h3.78a1,1,0,0,0,.77-1.63l-6.92-8.56a1,1,0,0,0-.77-.38,1,1,0,0,0-.78.37l-6.87,8.5-6.86-8.5a1,1,0,0,0-1.56,0l-6.92,8.57a1,1,0,0,0,.77,1.63h3.78v16.14a1,1,0,0,0,.36.75H122.8a1,1,0,0,0-1,1v1.85a1,1,0,0,0,1,1h30.08a1,1,0,0,0,1-1v-1.85A1,1,0,0,0,152.88,158.67Zm-19.54-.75V141.78h3.78a1,1,0,0,0,.72-.31,1,1,0,0,0,.72.31h3.78v16.14a1,1,0,0,0,.36.75H133A1,1,0,0,0,133.34,157.92Z"/>
                                                <path class="cls-1"
                                                      d="M189.1,298.37a8.69,8.69,0,0,0,0-.89V286.84a1,1,0,0,0-1-1h-9.27a1,1,0,0,0-.89.55l-2,4,.73-3.32a1,1,0,0,0-1-1.22h-2.94a1,1,0,0,0-1,1v10.64a8.67,8.67,0,0,0,6.48,9.33v5.33h-5.44a1,1,0,0,0-1,1v2.38a1,1,0,0,0,1,1H188a1,1,0,0,0,1-1v-2.38a1,1,0,0,0-1-1h-5.44v-5.32A8.68,8.68,0,0,0,189.1,298.37Z"/>
                                                <path class="cls-1"
                                                      d="M202.31,301.11a7,7,0,0,1,6.45,1.22,1,1,0,0,0,1.34,0,6.49,6.49,0,0,1,4.34-1.52,6.73,6.73,0,0,1,3.88,1.18v9.61s0,.1,0,.12a2,2,0,0,1-.26,1.14q-.07.09-.36.09c-.46,0-.59-.14-.64-.2a1.79,1.79,0,0,1-.34-1.17,1,1,0,0,0-.93-1.06l-1.57-.1a1,1,0,0,0-.72.24,1,1,0,0,0-.34.69,5.31,5.31,0,0,0,1.29,3.84,4.33,4.33,0,0,0,3.25,1.33,3.94,3.94,0,0,0,3-1.25,5.21,5.21,0,0,0,1.18-3.72V301.28a7.24,7.24,0,0,1,2.57-.47,6.45,6.45,0,0,1,4.34,1.52,1,1,0,0,0,1.35,0,6.45,6.45,0,0,1,4.34-1.52,7.08,7.08,0,0,1,3,.65,1,1,0,0,0,1.35-1.29,20.46,20.46,0,0,0-17.46-12.64,3.15,3.15,0,0,0-.61-1.62,1.25,1.25,0,0,0-1.8,0,3.36,3.36,0,0,0-.65,1.64,20.5,20.5,0,0,0-17.22,12.21,1,1,0,0,0,1.2,1.36Z"/>
                                                <path class="cls-1"
                                                      d="M152.88,312.67h-4.61a1,1,0,0,0,.36-.75V295.78h3.78a1,1,0,0,0,.77-1.63l-6.92-8.56a1,1,0,0,0-.77-.38,1,1,0,0,0-.78.37l-6.87,8.5-6.86-8.5a1,1,0,0,0-1.56,0l-6.92,8.57a1,1,0,0,0,.77,1.63h3.78v16.14a1,1,0,0,0,.36.75H122.8a1,1,0,0,0-1,1v1.85a1,1,0,0,0,1,1h30.08a1,1,0,0,0,1-1v-1.85A1,1,0,0,0,152.88,312.67Zm-19.54-.75V295.78h3.78a1,1,0,0,0,.72-.31,1,1,0,0,0,.72.31h3.78v16.14a1,1,0,0,0,.36.75H133A1,1,0,0,0,133.34,311.92Z"/>
                                                <path class="cls-1"
                                                      d="M495.16,152.81v5.33h-5.44a1,1,0,0,0-1,1v2.38a1,1,0,0,0,1,1H505a1,1,0,0,0,1-1v-2.38a1,1,0,0,0-1-1h-5.44v-5.32a8.67,8.67,0,0,0,6.51-9.34V132.84a1,1,0,0,0-1-1h-9.27a1,1,0,0,0-.89.55l-2,4,.73-3.32a.94.94,0,0,0-.2-.84,1,1,0,0,0-.77-.38h-2.94a1,1,0,0,0-1,1v10.64a8.67,8.67,0,0,0,6.48,9.33Z"/>
                                                <path class="cls-1"
                                                      d="M519.31,147.11a7,7,0,0,1,6.45,1.22,1,1,0,0,0,1.34,0,6.49,6.49,0,0,1,4.34-1.52,6.73,6.73,0,0,1,3.88,1.18v9.61s0,.1,0,.12a2,2,0,0,1-.26,1.14q-.08.09-.36.09c-.46,0-.59-.14-.64-.2a1.79,1.79,0,0,1-.34-1.17,1,1,0,0,0-.93-1.06l-1.57-.1a1,1,0,0,0-1.06.93,5.31,5.31,0,0,0,1.29,3.84,4.33,4.33,0,0,0,3.25,1.33,3.94,3.94,0,0,0,3-1.25,5.21,5.21,0,0,0,1.18-3.72V147.28a7.24,7.24,0,0,1,2.57-.47,6.45,6.45,0,0,1,4.34,1.52,1,1,0,0,0,1.35,0,6.45,6.45,0,0,1,4.34-1.52,7.08,7.08,0,0,1,3,.65,1,1,0,0,0,1.35-1.29,20.46,20.46,0,0,0-17.46-12.64,3.15,3.15,0,0,0-.61-1.62,1.25,1.25,0,0,0-1.8,0,3.36,3.36,0,0,0-.65,1.64,20.5,20.5,0,0,0-17.22,12.21,1,1,0,0,0,1.2,1.36Z"/>
                                                <path class="cls-1"
                                                      d="M469.88,158.67h-4.61a1,1,0,0,0,.36-.75V141.78h3.78a1,1,0,0,0,.77-1.63l-6.92-8.56a1,1,0,0,0-.77-.38,1,1,0,0,0-.78.37l-6.87,8.5-6.86-8.5a1,1,0,0,0-1.56,0l-6.92,8.57a1,1,0,0,0,.77,1.63h3.78v16.14a1,1,0,0,0,.36.75H439.8a1,1,0,0,0-1,1v1.85a1,1,0,0,0,1,1h30.08a1,1,0,0,0,1-1v-1.85A1,1,0,0,0,469.88,158.67Zm-19.54-.75V141.78h3.78a1,1,0,0,0,.72-.31,1,1,0,0,0,.72.31h3.78v16.14a1,1,0,0,0,.36.75H450A1,1,0,0,0,450.34,157.92Z"/>
                                                <path class="cls-1"
                                                      d="M506.1,298.37a8.69,8.69,0,0,0-.05-.89V286.84a1,1,0,0,0-1-1h-9.27a1,1,0,0,0-.89.55l-2,4,.73-3.32a.94.94,0,0,0-.2-.84,1,1,0,0,0-.77-.38h-2.94a1,1,0,0,0-1,1v10.64a8.67,8.67,0,0,0,6.48,9.33v5.33h-5.44a1,1,0,0,0-1,1v2.38a1,1,0,0,0,1,1H505a1,1,0,0,0,1-1v-2.38a1,1,0,0,0-1-1h-5.44v-5.32A8.68,8.68,0,0,0,506.1,298.37Z"/>
                                                <path class="cls-1"
                                                      d="M519.31,301.11a7,7,0,0,1,6.45,1.22,1,1,0,0,0,1.34,0,6.49,6.49,0,0,1,4.34-1.52,6.73,6.73,0,0,1,3.88,1.18v9.61s0,.1,0,.12a2,2,0,0,1-.26,1.14q-.08.09-.36.09c-.46,0-.59-.14-.64-.2a1.79,1.79,0,0,1-.34-1.17,1,1,0,0,0-.93-1.06l-1.57-.1a1,1,0,0,0-.72.24,1,1,0,0,0-.34.69,5.31,5.31,0,0,0,1.29,3.84,4.33,4.33,0,0,0,3.25,1.33,3.94,3.94,0,0,0,3-1.25,5.21,5.21,0,0,0,1.18-3.72V301.28a7.24,7.24,0,0,1,2.57-.47,6.45,6.45,0,0,1,4.34,1.52,1,1,0,0,0,1.35,0,6.45,6.45,0,0,1,4.34-1.52,7.08,7.08,0,0,1,3,.65,1,1,0,0,0,1.35-1.29,20.46,20.46,0,0,0-17.46-12.64,3.15,3.15,0,0,0-.61-1.62,1.25,1.25,0,0,0-1.8,0,3.36,3.36,0,0,0-.65,1.64,20.5,20.5,0,0,0-17.22,12.21,1,1,0,0,0,1.2,1.36Z"/>
                                                <path class="cls-1"
                                                      d="M469.88,312.67h-4.61a1,1,0,0,0,.36-.75V295.78h3.78a1,1,0,0,0,.77-1.63l-6.92-8.56a1,1,0,0,0-.77-.38,1,1,0,0,0-.78.37l-6.87,8.5-6.86-8.5a1,1,0,0,0-1.56,0l-6.92,8.57a1,1,0,0,0,.77,1.63h3.78v16.14a1,1,0,0,0,.36.75H439.8a1,1,0,0,0-1,1v1.85a1,1,0,0,0,1,1h30.08a1,1,0,0,0,1-1v-1.85A1,1,0,0,0,469.88,312.67Zm-19.54-.75V295.78h3.78a1,1,0,0,0,.72-.31,1,1,0,0,0,.72.31h3.78v16.14a1,1,0,0,0,.36.75H450A1,1,0,0,0,450.34,311.92Z"/>
                                            </g>
                                        </g>
                                    </svg>
                                </div>
                                <div class="main-screen-title">Inventory Adjustment</div>
                            </div>
                        </button>

                    </div>

                </div>
        </div>



        </div>

     </t>

 </templates>



