<?xml version="1.0" encoding="UTF-8"?>

<templates xml:space="preserve">
    <t t-name="custom_barcode_app.SelectDropDown" owl="1">

        <div style="font-family: 'Argentum Sans';min-height: 100%; position:relative;width: 230px;" t-ref="root_location_drop_down">
            <div t-on-click="clickDropDown" class="dropdown-div" style="align-items:center;padding: 8px 10px;">
                <div class="dropdown-location-warehouse-image" style="margin: 0.4rem;">
                    <svg xmlns="http://www.w3.org/2000/svg" viewBox="0 0 484.17 445.75" style="width: 42px;margin-right:0.41rem;">
                        <defs>
                            <style>.cls-1{fill:currentColor;}</style>
                        </defs>
                        <g id="Layer_2" data-name="Layer 2">
                            <g id="_Layer_" data-name="&lt;Layer&gt;">
                                <path class="cls-1" d="M453.9,445.75H30.26a7,7,0,0,1-7-7V97.2a7,7,0,0,1,14,0V431.79H446.92V97.2a7,7,0,0,1,14,0V438.77A7,7,0,0,1,453.9,445.75Z"/>
                                <path class="cls-1" d="M477.18,109.4a7.08,7.08,0,0,1-1.52-.17L242.08,56.91,8.51,109.23A7,7,0,0,1,0,102.42V64.59a7,7,0,0,1,5.32-6.78L240.42.2a7,7,0,0,1,3.33,0l235.1,57.61a7,7,0,0,1,5.32,6.78v37.83a7,7,0,0,1-7,7ZM242.08,42.77a7.25,7.25,0,0,1,1.53.17L470.2,93.69V70.07L242.08,14.17,14,70.07V93.69L240.55,42.94A7.25,7.25,0,0,1,242.08,42.77Z"/>
                                <path class="cls-1" d="M385.24,445.75H98.93a7,7,0,0,1-7-7V166.43a7,7,0,0,1,7-7H385.24a7,7,0,0,1,7,7V438.77A7,7,0,0,1,385.24,445.75Zm-279.33-14H378.25V173.41H105.91Z"/>
                                <path class="cls-1" d="M385.24,210.66H98.93a7,7,0,0,1-7-7V166.43a7,7,0,0,1,7-7H385.24a7,7,0,0,1,7,7v37.24A7,7,0,0,1,385.24,210.66Zm-279.33-14H378.25V173.41H105.91Z"/>
                                <path class="cls-1" d="M385.24,247.9H98.93a7,7,0,0,1-7-7V203.67a7,7,0,0,1,7-7H385.24a7,7,0,0,1,7,7v37.25A7,7,0,0,1,385.24,247.9Zm-279.33-14H378.25V210.66H105.91Z"/>
                                <path class="cls-1" d="M385.24,445.75H317.15a7,7,0,0,1-7-7V370.68a7,7,0,0,1,7-7h68.09a7,7,0,0,1,7,7v68.09A7,7,0,0,1,385.24,445.75Zm-61.11-14h54.12V377.67H324.13Z"/>
                                <path class="cls-1" d="M317.15,445.75H225.79a7,7,0,0,1-7-7v-85a7,7,0,0,1,7-7h91.36a7,7,0,0,1,7,7v85A7,7,0,0,1,317.15,445.75Zm-84.38-14h77.4v-71h-77.4Z"/>
                                <path class="cls-1" d="M287.47,384.65h-32a7,7,0,0,1-7-7V353.81a7,7,0,0,1,7-7h32a7,7,0,0,1,7,7v23.86A7,7,0,0,1,287.47,384.65Zm-25-14h18v-9.89h-18Z"/>
                                <path class="cls-1" d="M477.18,445.75H7a7,7,0,0,1,0-14h470.2a7,7,0,1,1,0,14Z"/>
                                <path class="cls-1" d="M387.56,173.41H96.6a20.37,20.37,0,1,1,0-40.74h291a20.37,20.37,0,0,1,0,40.74Zm-291-26.77a6.4,6.4,0,1,0,0,12.8h291a6.4,6.4,0,0,0,0-12.8Z"/>
                            </g>
                        </g>
                    </svg>
                </div>
                <div style="text-align:left;">
                    <t t-if="props.selected_item.length>0">
                        <h2 style="font-weight: 600;"><span t-esc="props.selected_item[0].warehouse_id[1]"/></h2>
                        <h2 style="font-size: 1.2rem;font-weight: 400;"><span t-esc="props.selected_item[0].name"/></h2>
                    </t>
                    <t t-else="">
                        <h2 style="font-weight: 600;font-size: 1.5rem;"><span t-esc="props.details.default_text"/></h2>
                    </t>
                </div>
            </div>
            <t t-if="state.list_visible">
            <div  class="search-bar-list" style=" position: absolute;overflow-y: auto;margin-top: 10px;border-radius: 0.5rem;left: 0;right: 0;max-height: calc(100vh - 134px - 160px);cursor: pointer; border: 1px solid #4a4a4a;z-index: 2; ">
                <table class="product-select-dropdown" >
                    <t t-foreach="props.data" t-as="i" t-key="i_index">
                        <tr style="font-family: 'Argentum Sans'; " t-on-click="()=> this.handleListClick(i)">
                            <td>
                                <div style="display: flex;align-items: center;">
                                    <div style="margin: 0.4rem;">
                                        <svg xmlns="http://www.w3.org/2000/svg" viewBox="0 0 484.17 445.75" style="width: 42px;margin-right:0.41rem;">
                                            <defs>
                                                <style>.cls-1{fill:currentColor;}</style>
                                            </defs>
                                            <g id="Layer_2" data-name="Layer 2">
                                                <g id="_Layer_" data-name="&lt;Layer&gt;">
                                                    <path class="cls-1" d="M453.9,445.75H30.26a7,7,0,0,1-7-7V97.2a7,7,0,0,1,14,0V431.79H446.92V97.2a7,7,0,0,1,14,0V438.77A7,7,0,0,1,453.9,445.75Z"/>
                                                    <path class="cls-1" d="M477.18,109.4a7.08,7.08,0,0,1-1.52-.17L242.08,56.91,8.51,109.23A7,7,0,0,1,0,102.42V64.59a7,7,0,0,1,5.32-6.78L240.42.2a7,7,0,0,1,3.33,0l235.1,57.61a7,7,0,0,1,5.32,6.78v37.83a7,7,0,0,1-7,7ZM242.08,42.77a7.25,7.25,0,0,1,1.53.17L470.2,93.69V70.07L242.08,14.17,14,70.07V93.69L240.55,42.94A7.25,7.25,0,0,1,242.08,42.77Z"/>
                                                    <path class="cls-1" d="M385.24,445.75H98.93a7,7,0,0,1-7-7V166.43a7,7,0,0,1,7-7H385.24a7,7,0,0,1,7,7V438.77A7,7,0,0,1,385.24,445.75Zm-279.33-14H378.25V173.41H105.91Z"/>
                                                    <path class="cls-1" d="M385.24,210.66H98.93a7,7,0,0,1-7-7V166.43a7,7,0,0,1,7-7H385.24a7,7,0,0,1,7,7v37.24A7,7,0,0,1,385.24,210.66Zm-279.33-14H378.25V173.41H105.91Z"/>
                                                    <path class="cls-1" d="M385.24,247.9H98.93a7,7,0,0,1-7-7V203.67a7,7,0,0,1,7-7H385.24a7,7,0,0,1,7,7v37.25A7,7,0,0,1,385.24,247.9Zm-279.33-14H378.25V210.66H105.91Z"/>
                                                    <path class="cls-1" d="M385.24,445.75H317.15a7,7,0,0,1-7-7V370.68a7,7,0,0,1,7-7h68.09a7,7,0,0,1,7,7v68.09A7,7,0,0,1,385.24,445.75Zm-61.11-14h54.12V377.67H324.13Z"/>
                                                    <path class="cls-1" d="M317.15,445.75H225.79a7,7,0,0,1-7-7v-85a7,7,0,0,1,7-7h91.36a7,7,0,0,1,7,7v85A7,7,0,0,1,317.15,445.75Zm-84.38-14h77.4v-71h-77.4Z"/>
                                                    <path class="cls-1" d="M287.47,384.65h-32a7,7,0,0,1-7-7V353.81a7,7,0,0,1,7-7h32a7,7,0,0,1,7,7v23.86A7,7,0,0,1,287.47,384.65Zm-25-14h18v-9.89h-18Z"/>
                                                    <path class="cls-1" d="M477.18,445.75H7a7,7,0,0,1,0-14h470.2a7,7,0,1,1,0,14Z"/>
                                                    <path class="cls-1" d="M387.56,173.41H96.6a20.37,20.37,0,1,1,0-40.74h291a20.37,20.37,0,0,1,0,40.74Zm-291-26.77a6.4,6.4,0,1,0,0,12.8h291a6.4,6.4,0,0,0,0-12.8Z"/>
                                                </g>
                                            </g>
                                        </svg>
                                    </div>

                                    <div style="text-align: left;">
                                        <p style="font-size: 1.4rem;overflow: hidden;margin:0;font-weight: 600;">
                                            <span t-esc="i.warehouse_id[1]"/>
                                        </p>
                                        <p style="font-size: 1.1rem;text-align: left;overflow: hidden;margin:0;font-weight: 400;">
                                            <span t-esc="i.name"/>
                                        </p>

                                    </div>
                                </div>
                            </td>
                        </tr>
                    </t>
                </table>
            </div>
        </t>
        </div>

     </t>

        <t t-name="custom_barcode_app.SelectAddDropDownLocation" owl="1">

        <div style="font-family: 'Argentum Sans';min-height: 100%;max-width: 230px; width:230px; position:relative;margin:auto;" t-ref="root_add_drop_down">
            <div t-on-click="clickDropDown" class="dropdown-div" style="align-items:center;padding: 8px 10px;">
                <div style="margin: 0.4rem;">
                    <svg xmlns="http://www.w3.org/2000/svg" viewBox="0 0 484.17 445.75" style="width: 42px;margin-right:0.41rem;">
                        <defs>
                            <style>.cls-1{fill:currentColor;}</style>
                        </defs>
                        <g id="Layer_2" data-name="Layer 2">
                            <g id="_Layer_" data-name="&lt;Layer&gt;">
                                <path class="cls-1" d="M453.9,445.75H30.26a7,7,0,0,1-7-7V97.2a7,7,0,0,1,14,0V431.79H446.92V97.2a7,7,0,0,1,14,0V438.77A7,7,0,0,1,453.9,445.75Z"/>
                                <path class="cls-1" d="M477.18,109.4a7.08,7.08,0,0,1-1.52-.17L242.08,56.91,8.51,109.23A7,7,0,0,1,0,102.42V64.59a7,7,0,0,1,5.32-6.78L240.42.2a7,7,0,0,1,3.33,0l235.1,57.61a7,7,0,0,1,5.32,6.78v37.83a7,7,0,0,1-7,7ZM242.08,42.77a7.25,7.25,0,0,1,1.53.17L470.2,93.69V70.07L242.08,14.17,14,70.07V93.69L240.55,42.94A7.25,7.25,0,0,1,242.08,42.77Z"/>
                                <path class="cls-1" d="M385.24,445.75H98.93a7,7,0,0,1-7-7V166.43a7,7,0,0,1,7-7H385.24a7,7,0,0,1,7,7V438.77A7,7,0,0,1,385.24,445.75Zm-279.33-14H378.25V173.41H105.91Z"/>
                                <path class="cls-1" d="M385.24,210.66H98.93a7,7,0,0,1-7-7V166.43a7,7,0,0,1,7-7H385.24a7,7,0,0,1,7,7v37.24A7,7,0,0,1,385.24,210.66Zm-279.33-14H378.25V173.41H105.91Z"/>
                                <path class="cls-1" d="M385.24,247.9H98.93a7,7,0,0,1-7-7V203.67a7,7,0,0,1,7-7H385.24a7,7,0,0,1,7,7v37.25A7,7,0,0,1,385.24,247.9Zm-279.33-14H378.25V210.66H105.91Z"/>
                                <path class="cls-1" d="M385.24,445.75H317.15a7,7,0,0,1-7-7V370.68a7,7,0,0,1,7-7h68.09a7,7,0,0,1,7,7v68.09A7,7,0,0,1,385.24,445.75Zm-61.11-14h54.12V377.67H324.13Z"/>
                                <path class="cls-1" d="M317.15,445.75H225.79a7,7,0,0,1-7-7v-85a7,7,0,0,1,7-7h91.36a7,7,0,0,1,7,7v85A7,7,0,0,1,317.15,445.75Zm-84.38-14h77.4v-71h-77.4Z"/>
                                <path class="cls-1" d="M287.47,384.65h-32a7,7,0,0,1-7-7V353.81a7,7,0,0,1,7-7h32a7,7,0,0,1,7,7v23.86A7,7,0,0,1,287.47,384.65Zm-25-14h18v-9.89h-18Z"/>
                                <path class="cls-1" d="M477.18,445.75H7a7,7,0,0,1,0-14h470.2a7,7,0,1,1,0,14Z"/>
                                <path class="cls-1" d="M387.56,173.41H96.6a20.37,20.37,0,1,1,0-40.74h291a20.37,20.37,0,0,1,0,40.74Zm-291-26.77a6.4,6.4,0,1,0,0,12.8h291a6.4,6.4,0,0,0,0-12.8Z"/>
                            </g>
                        </g>
                    </svg>
                </div>
                <div style="text-align:left;">
                    <t t-if="props.selected_item.length>0">
                        <h2 style="font-weight: 600;"><span t-esc="props.selected_item[0].warehouse_id[1]"/></h2>
                        <h2 style="font-size: 1.2rem;font-weight: 400;"><span t-esc="props.selected_item[0].display_name"/></h2>
                    </t>
                    <t t-else="">
                        <h2 style="font-weight: 600;font-size: 1.5rem;"><span t-esc="props.details.default_text"/></h2>
                    </t>
                </div>
            </div>
            <t t-if="state.list_visible">
            <div  class="search-bar-list" style=" position: absolute;overflow-y: auto;margin-top: 10px;border-radius: 0.5rem;left: 0;right: 0;max-height: calc(100vh - 134px - 160px);cursor: pointer; border: 1px solid #4a4a4a;z-index: 2; ">
                <table class="product-select-dropdown" >
                    <t t-foreach="props.data" t-as="i" t-key="i_index">
                        <tr style="font-family: 'Argentum Sans'; " t-on-click="()=>this.handleListClick(i)">
                            <td>
                                <div style="display: flex;align-items: center;">
                                    <div style="margin: 0.4rem;">
                                        <svg xmlns="http://www.w3.org/2000/svg" viewBox="0 0 484.17 445.75" style="width: 42px;margin-right:0.41rem;">
                                            <defs>
                                                <style>.cls-1{fill:currentColor;}</style>
                                            </defs>
                                            <g id="Layer_2" data-name="Layer 2">
                                                <g id="_Layer_" data-name="&lt;Layer&gt;">
                                                    <path class="cls-1" d="M453.9,445.75H30.26a7,7,0,0,1-7-7V97.2a7,7,0,0,1,14,0V431.79H446.92V97.2a7,7,0,0,1,14,0V438.77A7,7,0,0,1,453.9,445.75Z"/>
                                                    <path class="cls-1" d="M477.18,109.4a7.08,7.08,0,0,1-1.52-.17L242.08,56.91,8.51,109.23A7,7,0,0,1,0,102.42V64.59a7,7,0,0,1,5.32-6.78L240.42.2a7,7,0,0,1,3.33,0l235.1,57.61a7,7,0,0,1,5.32,6.78v37.83a7,7,0,0,1-7,7ZM242.08,42.77a7.25,7.25,0,0,1,1.53.17L470.2,93.69V70.07L242.08,14.17,14,70.07V93.69L240.55,42.94A7.25,7.25,0,0,1,242.08,42.77Z"/>
                                                    <path class="cls-1" d="M385.24,445.75H98.93a7,7,0,0,1-7-7V166.43a7,7,0,0,1,7-7H385.24a7,7,0,0,1,7,7V438.77A7,7,0,0,1,385.24,445.75Zm-279.33-14H378.25V173.41H105.91Z"/>
                                                    <path class="cls-1" d="M385.24,210.66H98.93a7,7,0,0,1-7-7V166.43a7,7,0,0,1,7-7H385.24a7,7,0,0,1,7,7v37.24A7,7,0,0,1,385.24,210.66Zm-279.33-14H378.25V173.41H105.91Z"/>
                                                    <path class="cls-1" d="M385.24,247.9H98.93a7,7,0,0,1-7-7V203.67a7,7,0,0,1,7-7H385.24a7,7,0,0,1,7,7v37.25A7,7,0,0,1,385.24,247.9Zm-279.33-14H378.25V210.66H105.91Z"/>
                                                    <path class="cls-1" d="M385.24,445.75H317.15a7,7,0,0,1-7-7V370.68a7,7,0,0,1,7-7h68.09a7,7,0,0,1,7,7v68.09A7,7,0,0,1,385.24,445.75Zm-61.11-14h54.12V377.67H324.13Z"/>
                                                    <path class="cls-1" d="M317.15,445.75H225.79a7,7,0,0,1-7-7v-85a7,7,0,0,1,7-7h91.36a7,7,0,0,1,7,7v85A7,7,0,0,1,317.15,445.75Zm-84.38-14h77.4v-71h-77.4Z"/>
                                                    <path class="cls-1" d="M287.47,384.65h-32a7,7,0,0,1-7-7V353.81a7,7,0,0,1,7-7h32a7,7,0,0,1,7,7v23.86A7,7,0,0,1,287.47,384.65Zm-25-14h18v-9.89h-18Z"/>
                                                    <path class="cls-1" d="M477.18,445.75H7a7,7,0,0,1,0-14h470.2a7,7,0,1,1,0,14Z"/>
                                                    <path class="cls-1" d="M387.56,173.41H96.6a20.37,20.37,0,1,1,0-40.74h291a20.37,20.37,0,0,1,0,40.74Zm-291-26.77a6.4,6.4,0,1,0,0,12.8h291a6.4,6.4,0,0,0,0-12.8Z"/>
                                                </g>
                                            </g>
                                        </svg>
                                    </div>

                                    <div style="text-align: left;">
                                        <p style="font-size: 1.4rem;overflow: hidden;margin:0;font-weight: 600;">
                                            <span t-esc="i.warehouse_id[1]"/>
                                        </p>
                                        <p style="font-size: 1.1rem;text-align: left;overflow: hidden;margin:0;font-weight: 400;">
                                            <span t-esc="i.display_name"/>
                                        </p>
                                    </div>
                                </div>
                            </td>
                        </tr>
                    </t>
                </table>
            </div>
        </t>
        </div>
     </t>

</templates>
